{
  "title": "Unnamed Dance",
  "formation": "Lines of Four",
  "music_structure": "A B",
  "phrases": {
    "A": [
      "Right-Hand Star Halfway",
      "Pivot Swing and Balance",
      "Pivot Swing and Balance",
      "Long Lines Fall Back",
      "Set and Turn Single",
      "Long Lines Forward Double",
      "Cast and Change Places"
    ],
    "B": [
      "Egg Beaters",
      "Half Figure 8 Through 2nd Couple",
      "Cross Right Shoulder and Turn",
      "Circle Left Once Round",
      "Left-Hand Star Back"
    ]
  }
}