{
  "title": "Unnamed Dance",
  "formation": "Triple minor longways",
  "music_structure": "A B",
  "phrases": {
    "A": [
      "Set to Partner Twice",
      "Right-Hand Across Halfway",
      "Back to Original Positions"
    ],
    "A2": [
      "Set to Partner Twice",
      "Left-Hand Across Halfway",
      "Back to Original Positions"
    ],
    "B": [
      "Cross and Change Places",
      "Two-Hand Turn Once and a Half"
    ],
    "B2": [
      "Rights and Lefts with Neighbor"
    ]
  }
}