{
  "title": "Unknown Dance",
  "music_structure": "A B",
  "formation": "Longways set",
  "phrases": {
    "A": [
      "Turn Single Right",
      "Partners Right-Hand Turn Halfway",
      "Turn Single Left",
      "Partners Left-Hand Turn Halfway",
      "All Turn Single Right",
      "Star Right Once Round",
      "Cross Right Shoulder with Neighbor"
    ],
    "B": [
      "Set to Partner",
      "Set Right and Left, Cross Right Shoulder",
      "Circle Four Left Once Round",
      "Half Poussette Clockwise",
      "Cross Below and Move Up"
    ]
  }
}