{
  "title": "Dance with Three Parts",
  "formation": "Lines of four",
  "music_structure": "A B C",
  "phrases": {
    "A": [
      "Lead Up and Fall Back",
      "Lead Down and Fall Back"
    ],
    "B": [
      "Circle Four to the Left",
      "Lead Away and Turn Individually",
      "Circle Four to the Left",
      "Two-Hand Turn Halfway"
    ],
    "C": [
      "Arm Right and Turn Single Left",
      "Arm Left and Turn Single Right",
      "Right-Hand Across Halfway",
      "Change Places"
    ]
  }
}