{
  "title": "Unknown Dance",
  "formation": "Longways",
  "music_structure": "A B C",
  "phrases": {
    "A": [
      "Set Towards Each Other and Turn Single",
      "Half Right-Hand Star",
      "Half Left-Hand Star"
    ],
    "B": [
      "Cast and Turn Single",
      "Middles Arch and Move Out",
      "Cast and Turn Single",
      "Middles Arch and Move Out"
    ],
    "C": [
      "Cross Right Shoulder",
      "Cross Left Shoulder",
      "Cross Right Shoulder",
      "Cross Left Shoulder"
    ]
  }
}