{
  "title": "Unknown Dance",
  "formation": "Longways",
  "music_structure": "A B",
  "phrases": {
    "A1": [
      "Right-Hand Turn",
      "Long Cast to 2nd Place",
      "Left-Hand Turn",
      "Fall Back and Move Up"
    ],
    "A2": [
      "Right-Hand Turn",
      "Long Cast to 2nd Place",
      "Left-Hand Turn",
      "Fall Back and Move Up"
    ],
    "B1": [
      "Cross Right Shoulder and Move Down Outside",
      "Half Figure 8 Up Through Couple"
    ],
    "B2": [
      "Cross Right Shoulder and Move Down Outside",
      "Half Figure 8 Up Through Couple",
      "Lead Down and Cast Back",
      "Long Cast Down and Face Up"
    ]
  }
}