{
  "title": "Cast and Turn",
  "formation": "Improper longways",
  "music_structure": "A B C D",
  "phrases": {
    "A": [
      "Cast Right Shoulder",
      "Gypsy Right Halfway",
      "Right-Hand Star",
      "Balance Forward and Back",
      "Box the Gnat"
    ],
    "B": [
      "Cast Right Shoulder",
      "Gypsy Right Halfway",
      "Right-Hand Star",
      "Balance Forward and Back",
      "Box the Gnat"
    ],
    "C": [
      "Back to Back with Partner",
      "Circle Left Halfway"
    ],
    "D": [
      "Right-Hand Across",
      "Grand Chain",
      "Two-Hand Turn"
    ]
  }
}