{
  "title": "Dance Name",
  "formation": "Triple minor longways",
  "music_structure": "A B",
  "phrases": {
    "A": [
      "Hands Six Left and Right",
      "Hey for Four Changes with Neighbors (First Couple, Contrary)",
      "Hey for Four Changes with Neighbors (First Couple, Own Sides)"
    ],
    "B": [
      "Double Figure Eight",
      "Right-Hand Turn Halfway",
      "Left-Hand Turn Halfway",
      "Half Poussette (Men Pushing)",
      "Half Poussette (Men Pulling)",
      "Waltz Up the Center"
    ]
  }
}