{
  "title": "Unnamed Dance",
  "formation": "formation across the hall",
  "music_structure": "A B C D E F G",
  "phrases": {
    "A": [
      "Set to Partner",
      "Turn Single",
      "Two-Hand Turn with Neighbor"
    ],
    "B": [
      "Set and Turn Single",
      "Two-Hand Turn with New Opposite",
      "Partners Back-to-Back"
    ],
    "C": [
      "Hey for Four"
    ],
    "D": [
      "Right-Hand Star Halfway"
    ],
    "E": [
      "Half Hey for Four"
    ],
    "F": [
      "Right-Hand Star Halfway"
    ],
    "G": [
      "Gypsy Right with New Partner",
      "Gypsy Left with Old Partner",
      "Lead Partners Up and Fall Back"
    ]
  }
}