{
  "title": "Unnamed Dance",
  "formation": "Triple minor longways",
  "music_structure": "A B",
  "phrases": {
    "A": [
      "Long Cast to Middle Place and Face Original End",
      "Wheel Around Halfway",
      "Circle Four Left Halfway",
      "Repeat from New Positions"
    ],
    "B": [
      "Right Shoulder Around Partner",
      "End Men Skip Clockwise",
      "Star Right Halfway",
      "Star Left Halfway",
      "Left Shoulder Around Opposite",
      "Middle Women Skip Counterclockwise",
      "Partners Left-Hand Turn"
    ]
  }
}