{
  "title": "Unnamed Dance",
  "formation": "Longways set",
  "music_structure": "A B C",
  "phrases": {
    "A": [
      "Step Right and Honour",
      "Step Left and Honour",
      "Right-Hand Turn"
    ],
    "A2": [
      "Promenade Left"
    ],
    "B": [
      "Cross and Cast to Middle Place",
      "Half Figure Eight Up Through 2nd Couple"
    ],
    "B2": [
      "Cross and Cast to Bottom Place",
      "Half Figure Eight Up Through 3rd Couple"
    ],
    "C1": [
      "Grimstock Hey"
    ],
    "C2": [
      "Two-Hand Turn",
      "Set and Turn Single"
    ]
  }
}