{
  "title": "The Adieu",
  "formation": "Triple minor longways",
  "music_structure": "A B C D",
  "phrases": {
    "A": [
      "Balance and Cross Right Shoulder",
      "Balance and Cross Left Shoulder",
      "Face Down and Take Right Hands"
    ],
    "B": [
      "Lead Down and Up with Turn Under",
      "Cast and Form Center Line",
      "Take Hands in Groups"
    ],
    "C": [
      "Set and Circle Left"
    ],
    "D": [
      "Overhead Allemande Right",
      "Final Cast and Left-Hand Allemande"
    ]
  }
}