{
  "title": "Dance with Partners",
  "formation": "Line facing partners",
  "music_structure": "Verse 1 Chorus 1 Verse 2 Chorus 2 Verse 3 Chorus 3",
  "phrases": {
    "Verse 1": [
      "Set and Change Places",
      "Slip Steps with Neighbor",
      "Change Places Right Shoulder",
      "Two-Hand Turn Halfway"
    ],
    "Chorus 1": [
      "Lead Down and Back",
      "Set to Partner and Turn",
      "Set and Turn Single",
      "Lead Down and Fall Back"
    ],
    "Verse 2": [
      "Cast Down and Back to Partner",
      "Two-Hand Turn with Neighbor",
      "Change Places with Neighbor",
      "Set to Neighbor and Turn Single"
    ],
    "Chorus 2": [
      "Change Places Right Shoulder",
      "Lead Down and Cast to Position",
      "Set to Partner and Turn",
      "Figure Eight with 2nd Couple"
    ],
    "Verse 3": [
      "Back to Back with Neighbor",
      "Slip Steps with Corner",
      "Set and Turn Single",
      "Lead Down and Back"
    ],
    "Chorus 3": [
      "Lead Down and Cast",
      "Half Figure 8 Through 2nd Couple",
      "Two-Hand Turn with Neighbor",
      "Back to Back and Change Places"
    ]
  }
}