{
  "title": "Unnamed Dance",
  "formation": "Longways",
  "music_structure": "A B A B A",
  "phrases": {
    "A": [
      "Lead Up and Fall Back",
      "Lead Up and Fall Back",
      "Side with Partners",
      "Side with Partners",
      "Arm Right",
      "Arm Left"
    ],
    "B": [
      "First Corners Cross Right Shoulder",
      "Second Corners Cross Right Shoulder",
      "Partners Two-Hand Turn Once and a Half",
      "Circle Left Once Round",
      "Partners Set and Turn Single"
    ]
  }
}