{
  "title": "Dance with Known Figures",
  "formation": "Triple minor longways",
  "music_structure": "A B C D E F G H",
  "phrases": {
    "A": [
      "Long Cast Down",
      "Lead Down and Cast Up"
    ],
    "B": [
      "Set Right and Left",
      "Hands Three and Circle Left"
    ],
    "C": [
      "Cross Right Shoulder and Loop Right"
    ],
    "D": [
      "Partners Two-Hand Turn"
    ],
    "E": [
      "Hey for Four Changes"
    ],
    "F": [
      "Long Cast Down"
    ],
    "G": [
      "Two-Hand Turn and Face Neighbor"
    ],
    "H": [
      "Lead Down and Cast to Bottom"
    ]
  }
}