{
  "title": "Dance Definition",
  "formation": "Longways set",
  "music_structure": "A B C D",
  "phrases": {
    "A": [
      "Lines Forward and Back",
      "Back to Back"
    ],
    "B": [
      "Right-Hand Star Halfway",
      "Left-Hand Star Halfway",
      "Right-Hand Star Halfway",
      "Turn Single Left"
    ],
    "C": [
      "Change Places",
      "Circle Left Halfway",
      "Fall Back with Neighbor"
    ],
    "D": [
      "Set to Partner and Turn Single Right",
      "Fall Back with Neighbor",
      "Lead Forward and Circle Eight"
    ]
  }
}