{
  "title": "Unnamed Dance",
  "formation": "Longways",
  "music_structure": "A B",
  "phrases": {
    "A": [
      "Right-Hand Turn Once Round",
      "Gypsy Right Shoulder",
      "Left-Hand Turn Once Round",
      "Gypsy Left Shoulder"
    ],
    "B1": [
      "Set and Turn Single",
      "Star Left Once Round",
      "Poussette Variant",
      "Poussette Counterclockwise"
    ],
    "B2": [
      "Set Right and Left",
      "Circle Four Left Halfway",
      "Gate Turns",
      "Rights and Lefts with Neighbor"
    ]
  }
}