{
  "title": "The Dance Definition",
  "formation": "Longways set",
  "music_structure": "A B A B A B A B",
  "phrases": {
    "Part I": {
      "A": [
        "Lead Up and Back"
      ],
      "B": [
        "Partners Set and Turn Single"
      ]
    },
    "Part II": {
      "A": [
        "Change Places Right Shoulder"
      ],
      "B": [
        "Change Places Right Shoulder"
      ]
    },
    "Part III": {
      "A": [
        "Side Right Shoulder"
      ],
      "B": [
        "Partners Set and Turn Single"
      ]
    },
    "Part IV": {
      "A": [
        "Lead Down and Cast",
        "Hands Four"
      ],
      "B": [
        "Lead Down and Cast",
        "Hands Four"
      ]
    },
    "Part V": {
      "A": [
        "Arm Right",
        "Arm Left"
      ],
      "B": [
        "Partners Set and Turn Single",
        "Partners Set and Turn Single"
      ]
    },
    "Part VI": {
      "A": [
        "Men Hands Four",
        "Women Hands Four"
      ],
      "B": [
        "Men's Hey",
        "Women's Hey"
      ]
    }
  }
}