{
  "title": "Dance Title",
  "formation": "Double longways",
  "music_structure": "A B",
  "phrases": {
    "A1": [
      "Cross Down",
      "Lead Down in Line",
      "Set Right and Left",
      "Gate and Cast Up"
    ],
    "A2": [
      "Lead Up",
      "Set Right and Left",
      "Two-Hand Turn Once and a Half"
    ],
    "B1": [
      "Hands Four Left",
      "Hands Four Right",
      "Cross Right Shoulder (1st Corners)",
      "Cross Right Shoulder (2nd Corners)"
    ],
    "B2": [
      "Hey for Three Changes"
    ]
  }
}