{
  "title": "Unknown Dance",
  "formation": "Longways",
  "music_structure": "A B C D E",
  "phrases": {
    "A": [
      "Men Set and Turn Single",
      "Partners Two-Hand Turn",
      "Fall Back to Place"
    ],
    "B": [
      "Ladies Set and Turn Single",
      "Partners Two-Hand Turn",
      "Fall Back to Place"
    ],
    "C": [
      "Ladies Two-Hand Turn Halfway",
      "Men Two-Hand Turn Halfway"
    ],
    "D": [
      "Hands Four and Halfway Round",
      "Change Places with Neighbor"
    ],
    "E": [
      "Lead Through and Cast"
    ]
  }
}