{
  "title": "Two Circles Dance",
  "formation": "Two circles (men facing partners)",
  "music_structure": "1 2 3 4 5 6 7 8",
  "phrases": {
    "1": [
      "Side Right Shoulder",
      "Back to Back with Partner"
    ],
    "2": [
      "Side Left Shoulder",
      "See-Saw with Partner"
    ],
    "3": [
      "Slip Steps Left",
      "Slip Steps Right"
    ],
    "4": [
      "Clap and Turn Right",
      "Clap and Turn Right"
    ],
    "5": [
      "Repeat Dance with New Partner"
    ]
  }
}