{
  "title": "Dance with Neighbors",
  "formation": "Longways",
  "music_structure": "A B",
  "phrases": {
    "A": [
      "Step Right and Honor",
      "Turn Single Left",
      "Partners Left-Hand Turn",
      "Neighbors Right-Hand Turn",
      "Circle Left Halfway",
      "Fall Back with Neighbor"
    ],
    "B": [
      "Cross Right Shoulder",
      "Cross Left Shoulder",
      "Half Poussette Counterclockwise",
      "Lead Up and Fall Back",
      "Lead Down and Fall Back",
      "Cast and Cross Right Shoulder"
    ]
  }
}