{
  "title": "The Opposite Dance",
  "formation": "Double longways",
  "music_structure": "A B C D E F",
  "phrases": {
    "A": [
      "Set to Partner and Turn Single",
      "Lead Opposite Away and Back"
    ],
    "B": [
      "Set to Partner and Turn Single"
    ],
    "C": [
      "Right-Hand Turn",
      "Gypsy Left with Opposite"
    ],
    "D": [
      "Left-Hand Turn",
      "Gypsy Right with Opposite"
    ],
    "E": [
      "Set to Partner and Turn Single",
      "Side with Opposite"
    ],
    "F": [
      "Right-Hand Star",
      "Cast Out and Left-Hand Star"
    ],
    "G": [
      "Set to Partner and Turn Single",
      "Partners Right-Hand Turn"
    ],
    "H": [
      "Partners Left-Hand Turn"
    ],
    "I": [
      "Pass by Right Shoulders",
      "Cast Right and Continue Right-Hand Turn"
    ],
    "J": [
      "Pass by Right Shoulders",
      "Cast Right and Continue Right-Hand Turn"
    ]
  }
}