{
  "title": "Unknown Dance",
  "formation": "unknown",
  "music_structure": "A B",
  "phrases": {
    "A": [
      "Lead Through and Cast Down",
      "Two-Hand Turn and Cast Up",
      "Right-Hand Turn with Neighbor",
      "Left-Hand Turn with Neighbor",
      "Right-Hand Turn with Neighbor",
      "Two-Hand Turn"
    ],
    "B": [
      "Right-Hand Turn with Partner",
      "Right-Hand Turn with Neighbor",
      "Two-Hand Turn and Face Neighbor",
      "Hey for Three with Partners"
    ]
  }
}