{
  "title": "Segmented Heys and Mirror Image",
  "formation": "Lines of four",
  "music_structure": "A B",
  "phrases": {
    "A": [
      "Hey for Three with Second Couple (Women)",
      "Hey for Three with Second Couple (Men)",
      "Hey for Three with First Couple (Women)",
      "Hey for Three with First Couple (Men)"
    ],
    "B1": [
      "Back to Back with Neighbor",
      "Turn to Line of Four"
    ],
    "B2": [
      "Lines Fall Back and Come Forward",
      "Gate the Middles and Change Places"
    ]
  }
}