{
  "title": "Dance Definition",
  "formation": "Longways",
  "music_structure": "A B A B A B",
  "phrases": {
    "A1": [
      "Set Right and Left",
      "Cast Down",
      "Lead Through and Cast"
    ],
    "A2": [
      "Set Right and Left",
      "Cast Down",
      "Lead Through and Cast"
    ],
    "B1": [
      "Cross and Change Places",
      "Set Right and Left",
      "Two-Hand Turn"
    ],
    "B2": [
      "Cross and Change Places",
      "Set Right and Left",
      "Two-Hand Turn"
    ],
    "A3": [
      "Cross Right Shoulder and Half Figure Eight"
    ],
    "A4": [
      "Lead Through and Cast Back",
      "Lead Through and Cast Down"
    ],
    "B3": [
      "End Men Skip Clockwise"
    ],
    "B4": [
      "Rights and Lefts"
    ]
  }
}