{
  "title": "Complete Morris Hey Plus One",
  "formation": "Triple minor longways",
  "music_structure": "A B C D E F G H",
  "phrases": {
    "A": [
      "Morris Hey for Four"
    ],
    "B": [
      "Straight Hey for Three"
    ],
    "C": [
      "Set Right and Left",
      "Right-Hand Turn"
    ],
    "D": [
      "Left-Hand Turn",
      "Turn Single Right"
    ],
    "E": [
      "Set Right and Left",
      "Left-Hand Turn"
    ],
    "F": [
      "Right-Hand Turn",
      "Lead Down and Cast"
    ],
    "G": [
      "Morris Hey for Four"
    ],
    "H": [
      "Repeat Movement from Progressed Positions"
    ]
  }
}