{
  "title": "Unnamed Dance",
  "formation": "Longways",
  "music_structure": "A1 A2 B1 B2 A3 A4 B3 B4",
  "phrases": {
    "A1": [
      "Right-Hand Turn",
      "Cast Down"
    ],
    "A2": [
      "Left-Hand Turn",
      "Cast Down"
    ],
    "B1": [
      "Circle Six"
    ],
    "B2": [
      "Lead Up and Cast Down",
      "Turn Single"
    ],
    "A3": [
      "Two-Hand Turn"
    ],
    "A4": [
      "Two-Hand Turn"
    ],
    "B3": [
      "Figure Eight"
    ],
    "B4": [
      "Pass Left Shoulder and Hey for Three",
      "Lead Down"
    ]
  }
}