{
  "title": "Crossing Dance",
  "formation": "Longways set",
  "music_structure": "A1 A2 B1 B2",
  "phrases": {
    "A1": [
      "Cross and Hay",
      "Cross Back and Hay"
    ],
    "A2": [
      "Cross and Two-Hand Turn",
      "Circle Six Halfway",
      "Cast and Circle Four Halfway"
    ],
    "B1": [
      "Set Right and Left and Change Places",
      "Repeat Setting and Changing"
    ],
    "B2": [
      "Set Right and Left and Circle Six Halfway",
      "Back to Back with New Partners and Two-Hand Turn"
    ]
  }
}