{
  "title": "Dance Definition",
  "formation": "Triple minor longways",
  "music_structure": "A1 A2 B1 B2 A3 A4 B3 B4 A5 A6 B5 B6",
  "phrases": {
    "A1": [
      "Lead Up and Fall Back",
      "Set and Turn Single"
    ],
    "A2": [
      "Lead Up and Fall Back",
      "Set and Turn Single"
    ],
    "B1": [
      "Half Hey with 1st Couple",
      "Half Hey with 3rd Couple",
      "Two-Hand Turn"
    ],
    "B2": [
      "Half Hey with 1st Couple",
      "Half Hey with 3rd Couple",
      "Two-Hand Turn"
    ],
    "A3": [
      "Side Step and Turn Single"
    ],
    "A4": [
      "Side Step and Turn Single"
    ],
    "B3": [
      "Circle Half with 1st Couple",
      "Circle Half with 3rd Couple",
      "Balance Back and Forth",
      "Two-Hand Turn"
    ],
    "B4": [
      "Lead Down",
      "Circle Half"
    ],
    "A5": [
      "Arm Right",
      "Set and Turn Single"
    ],
    "A6": [
      "Arm Left",
      "Set and Turn Single"
    ],
    "B5": [
      "Circle Around 2nd Man",
      "Two-Hand Turn with 2nd Couple"
    ],
    "B6": [
      "Circle Around 2nd Lady",
      "Two-Hand Turn with 2nd Couple"
    ]
  }
}