{
  "title": "Unknown Dance",
  "formation": "Longways",
  "music_structure": "A B",
  "phrases": {
    "A1": [
      "Set Towards Each Other and Fall Back",
      "Cast into Neighbor's Place",
      "Right-Hand Turn Halfway"
    ],
    "A2": [
      "Set Towards Each Other and Fall Back",
      "Cast into Neighbor's Place",
      "Right-Hand Turn Halfway"
    ],
    "B1": [
      "Right-Hand Star",
      "Left-Hand Star"
    ],
    "B2": [
      "Cross Right Shoulder and Travel Down Outside",
      "Half Figure Eight Through 2nd Couple"
    ]
  }
}