{
  "title": "Unnamed Dance",
  "formation": "Longways",
  "music_structure": "A B",
  "phrases": {
    "A": [
      "Turn Single Right",
      "Partners Right-Hand Turn Halfway",
      "Women Turn Single Left",
      "Partners Left-Hand Turn Halfway",
      "All Turn Single Right",
      "Right-Hand Star",
      "Pass Through Right Shoulder"
    ],
    "B": [
      "Set to Partner",
      "Cross Right Shoulder",
      "Circle Left Once Round",
      "Half Poussette Clockwise",
      "Cross and Go Below",
      "Two-Hand Turn Halfway",
      "Take Two Side-Steps Up"
    ]
  }
}