{
  "title": "End Couples Poussette",
  "formation": "Improper formation with end couples at opposite ends",
  "music_structure": "A B C",
  "phrases": {
    "A": [
      "Set to Partner and Right-Hand Turn Halfway",
      "Poussette (Clockwise) and Right-Hand Turn Three-Quarter",
      "Turn Single Left",
      "Set to Partner and Left-Hand Turn Halfway",
      "Poussette (Clockwise) and Left-Hand Turn Three-Quarter",
      "Turn Single Right"
    ],
    "B": [
      "Set to Partner and Turn Single Right",
      "Circle Six Halfway"
    ],
    "C": [
      "Change Places by Right Hand",
      "Change Places by Left Hand",
      "Change Places by Right Hand",
      "Change Places by Left Hand"
    ]
  }
}