{
  "title": "The Dance Instructions",
  "formation": "Triple minor longways",
  "music_structure": "A A B B",
  "phrases": {
    "A": [
      "Right-Hand Turn Halfway",
      "Fall Back Three Steps",
      "Left-Hand Turn Halfway",
      "Fall Back Three Steps"
    ],
    "A2": [
      "Left-Hand Turn Halfway",
      "Fall Back Three Steps",
      "Right-Hand Turn Halfway",
      "Fall Back Three Steps"
    ],
    "B1": [
      "Grimstock Hey for Three"
    ],
    "B2": [
      "First Corners Change",
      "Second Corners Change",
      "Circle Left Halfway"
    ]
  }
}